Date,Open,High,Low,Close,Adj Close,Volume,Mean,Max,Min
2022-01-03,177.8300018310547,182.8800048828125,177.7100067138672,182.00999450683597,179.953857421875,104487900,0.1601,0.5574,-0.1531
2022-01-04,182.6300048828125,182.94000244140625,179.1199951171875,179.6999969482422,177.66998291015625,99310400,0.1562,0.4404,0.0
2022-01-05,179.61000061035156,180.1699981689453,174.63999938964844,174.9199981689453,172.94398498535156,94537600,0.0355,0.7096,-0.5994
2022-01-06,172.6999969482422,175.3000030517578,171.63999938964844,172.0,170.05699157714844,96904000,0.0514,0.7003,-0.4019
2022-01-07,172.88999938964844,174.13999938964844,171.02999877929688,172.1699981689453,170.22506713867188,86709100,0.3338,0.7351,0.0
2022-01-10,169.0800018310547,172.5,168.1699981689453,172.19000244140625,170.24484252929688,106765600,0.0969,0.6369,-0.34
2022-01-11,172.32000732421875,175.17999267578125,170.82000732421875,175.0800018310547,173.10218811035156,76138300,-0.0258,0.6369,-0.4019
2022-01-12,176.1199951171875,177.17999267578125,174.82000732421875,175.52999877929688,173.5470733642578,74805200,-0.0325,0.5719,-0.296
2022-01-13,175.77999877929688,176.6199951171875,171.7899932861328,172.19000244140625,170.24484252929688,84505800,-0.1441,0.4019,-0.8442
2022-01-14,171.33999633789062,173.77999877929688,171.08999633789062,173.07000732421875,171.11489868164062,80440800,-0.0175,0.4215,-0.3182
2022-01-18,171.50999450683594,172.5399932861328,169.41000366210938,169.8000030517578,167.88182067871094,90956700,-0.0993,0.204,-0.5859
2022-01-19,170.0,171.0800018310547,165.94000244140625,166.22999572753906,164.35214233398438,94815000,0.0761,0.4019,-0.296
2022-01-20,166.97999572753906,169.67999267578125,164.17999267578125,164.50999450683594,162.65158081054688,91420500,0.1206,0.7096,0.0
2022-01-21,164.4199981689453,166.3300018310547,162.3000030517578,162.41000366210938,160.57528686523438,122848900,-0.0173,0.4215,-0.4767
2022-01-24,160.02000427246094,162.3000030517578,154.6999969482422,161.6199951171875,159.79421997070312,162294600,0.0771,0.4404,-0.3818
2022-01-25,158.97999572753906,162.75999450683594,157.02000427246094,159.77999877929688,157.97500610351562,115798400,-0.0363,0.5267,-0.4588
2022-01-26,163.5,164.38999938964844,157.82000732421875,159.69000244140625,157.8860321044922,108275300,0.0992,0.5256,-0.6908
2022-01-27,162.4499969482422,163.83999633789062,158.27999877929688,159.22000122070312,157.42137145996094,121954600,0.0965,0.5178,-0.6908
2022-01-28,165.7100067138672,170.35000610351562,162.8000030517578,170.3300018310547,168.40585327148438,179935700,0.0508,0.5859,-0.4939
2022-01-31,170.16000366210938,175.0,169.50999450683594,174.77999877929688,172.80557250976562,115541600,0.1573,0.5994,0.0
2022-02-01,174.00999450683594,174.83999633789062,172.30999755859375,174.61000061035156,172.63748168945312,86213900,0.1046,0.6369,-0.3818
2022-02-02,174.75,175.8800048828125,173.3300018310547,175.83999633789062,173.8535919189453,84914300,0.2481,0.6369,-0.4404
2022-02-03,174.47999572753906,176.24000549316406,172.1199951171875,172.89999389648438,170.94679260253906,89418100,0.1393,0.6486,-0.5829
2022-02-04,171.67999267578125,174.10000610351562,170.67999267578125,172.38999938964844,170.6597137451172,82465400,-0.0488,0.4939,-0.6633
2022-02-07,172.86000061035156,173.9499969482422,170.9499969482422,171.66000366210938,169.93707275390625,77251200,0.1873,0.8316,-0.2411
2022-02-08,171.72999572753906,175.35000610351562,171.42999267578125,174.8300018310547,173.0752410888672,74829200,-0.0205,0.0,-0.1027
2022-02-09,176.0500030517578,176.64999389648438,174.89999389648438,176.27999877929688,174.51068115234375,71285000,0.1659,0.875,0.0
2022-02-10,174.13999938964844,175.47999572753906,171.5500030517578,172.1199951171875,170.39242553710938,90865900,0.1027,0.4019,-0.2263
2022-02-11,172.3300018310547,173.0800018310547,168.0399932861328,168.63999938964844,166.94735717773438,98670700,-0.1071,0.6908,-0.6249
2022-02-14,167.3699951171875,169.5800018310547,166.55999755859375,168.8800048828125,167.18495178222656,86185500,0.0863,0.8176,-0.7003
2022-02-15,170.97000122070312,172.9499969482422,170.25,172.7899932861328,171.05569458007812,62527400,0.0947,0.5994,-0.7096
2022-02-16,171.85000610351562,173.33999633789062,170.0500030517578,172.5500030517578,170.818115234375,61177400,0.0103,0.1027,0.0
2022-02-17,171.02999877929688,171.91000366210938,168.47000122070312,168.8800048828125,167.18495178222656,69589300,0.0758,0.6369,-0.5859
2022-02-18,169.82000732421875,170.5399932861328,166.19000244140625,167.3000030517578,165.62083435058594,82772700,0.1075,0.5423,-0.296
2022-02-22,164.97999572753906,166.69000244140625,162.14999389648438,164.32000732421875,162.67074584960938,91162800,0.1275,0.6808,-0.34
2022-02-23,165.5399932861328,166.14999389648438,159.75,160.07000732421875,158.46337890625,90009200,-0.0495,0.128,-0.7003
2022-02-24,152.5800018310547,162.85000610351562,152.0,162.74000549316406,161.10658264160156,141147500,0.1928,0.6808,0.0
2022-02-25,163.83999633789062,165.1199951171875,160.8699951171875,164.85000610351562,163.19540405273438,91974200,-0.1009,0.4404,-0.6249
2022-02-28,163.05999755859375,165.4199981689453,162.42999267578125,165.1199951171875,163.4626922607422,95056600,0.0584,0.5267,-0.296
2022-03-01,164.6999969482422,166.60000610351562,161.97000122070312,163.1999969482422,161.56198120117188,83474400,0.0741,0.7003,-0.7096
2022-03-02,164.38999938964844,167.36000061035156,162.9499969482422,166.55999755859375,164.8882293701172,79724800,0.072,0.4019,0.0
2022-03-03,168.47000122070312,168.91000366210938,165.5500030517578,166.22999572753906,164.56153869628906,76678400,0.2156,0.8402,0.0
2022-03-04,164.49000549316406,165.5500030517578,162.10000610351562,163.1699981689453,161.53225708007812,83737200,0.1007,0.4767,-0.2411
2022-03-07,163.36000061035156,165.02000427246094,159.0399932861328,159.3000030517578,157.7011260986328,96418800,0.0341,0.3612,-0.4588
2022-03-08,158.82000732421875,162.8800048828125,155.8000030517578,157.44000244140625,155.85977172851562,131148300,0.0788,0.5859,0.0
2022-03-09,161.47999572753906,163.41000366210938,159.41000366210938,162.9499969482422,161.31446838378906,91454900,0.1605,0.5859,0.0
2022-03-10,160.1999969482422,160.38999938964844,155.97999572753906,158.52000427246094,156.92893981933594,105342000,-0.0393,0.4019,-0.743
2022-03-11,158.92999267578125,159.27999877929688,154.5,154.72999572753906,153.17697143554688,96970100,0.0138,0.6486,-0.4404
2022-03-14,151.4499969482422,154.1199951171875,150.10000610351562,150.6199951171875,149.1082305908203,108732100,0.0321,0.5106,-0.6249
2022-03-15,150.89999389648438,155.57000732421875,150.3800048828125,155.08999633789062,153.53335571289062,92964300,0.0849,0.4215,-0.1645
2022-03-16,157.0500030517578,160.0,154.4600067138672,159.58999633789062,157.98818969726562,102300200,-0.034,0.2023,-0.5423
2022-03-17,158.61000061035156,161.0,157.6300048828125,160.6199951171875,159.00782775878906,75615400,-0.0593,0.296,-0.4939
2022-03-18,160.50999450683594,164.47999572753906,159.75999450683594,163.97999572753906,162.33413696289062,123511700,0.1183,0.6705,-0.5267
2022-03-21,163.50999450683594,166.35000610351562,163.00999450683594,165.3800048828125,163.72007751464844,95811400,0.212,0.4404,0.0
2022-03-22,165.50999450683594,169.4199981689453,164.91000366210938,168.82000732421875,167.12554931640625,81532000,0.0028,0.3612,-0.4215
2022-03-23,167.99000549316406,172.63999938964844,167.64999389648438,170.2100067138672,168.50160217285156,98062700,-0.065,0.3182,-0.4019
2022-03-24,171.05999755859375,174.13999938964844,170.2100067138672,174.07000732421875,172.32286071777344,90131400,-0.0145,0.4767,-0.7783
2022-03-25,173.8800048828125,175.27999877929688,172.75,174.72000122070312,172.96633911132812,80546200,-0.0161,0.5994,-0.836
2022-03-28,172.1699981689453,175.72999572753906,172.0,175.60000610351562,173.83749389648438,90371900,0.1491,0.8402,-0.6369
2022-03-29,176.69000244140625,179.00999450683594,176.33999633789062,178.9600067138672,177.16380310058594,100589400,-0.1252,0.6124,-0.7717
2022-03-30,178.5500030517578,179.61000061035156,176.6999969482422,177.77000427246094,175.98573303222656,92633200,0.0276,0.5984,-0.5719
2022-03-31,177.83999633789062,178.02999877929688,174.39999389648438,174.61000061035156,172.85743713378906,103049300,0.1261,0.6908,-0.34
2022-04-01,174.02999877929688,174.8800048828125,171.94000244140625,174.30999755859375,172.56044006347656,78751300,0.1673,0.6369,-0.5267
2022-04-04,174.57000732421875,178.49000549316406,174.44000244140625,178.44000244140625,176.64898681640625,76468400,0.0917,0.6249,-0.5994
2022-04-05,177.5,178.3000030517578,174.4199981689453,175.05999755859375,173.3029327392578,73401800,0.0401,0.6369,-0.5267
2022-04-06,172.36000061035156,173.6300048828125,170.1300048828125,171.8300018310547,170.1053466796875,89058800,0.1219,0.7096,-0.1655
2022-04-07,171.16000366210938,173.36000061035156,169.85000610351562,172.13999938964844,170.41221618652344,77594700,0.0069,0.7579,-0.4389
2022-04-08,171.77999877929688,171.77999877929688,169.1999969482422,170.08999633789062,168.38279724121094,76575500,-0.0508,0.128,-0.34
2022-04-11,168.7100067138672,169.02999877929688,165.5,165.75,164.08636474609375,72246700,0.1472,0.765,-0.296
2022-04-12,168.02000427246094,169.8699951171875,166.63999938964844,167.66000366210938,165.97720336914062,79265200,-0.1704,0.0,-0.34
2022-04-13,167.38999938964844,171.0399932861328,166.77000427246094,170.39999389648438,168.68968200683594,70618900,0.1757,0.8316,-0.4767
2022-04-14,170.6199951171875,171.27000427246094,165.0399932861328,165.2899932861328,163.6309814453125,75329400,0.0075,0.4019,-0.5574
2022-04-18,163.9199981689453,166.60000610351562,163.57000732421875,165.07000732421875,163.41317749023438,69023900,0.0411,0.6369,-0.2263
2022-04-19,165.02000427246094,167.82000732421875,163.91000366210938,167.39999389648438,165.7198028564453,67723800,0.0273,0.6369,-0.4019
2022-04-20,168.75999450683594,168.8800048828125,166.10000610351562,167.22999572753906,165.551513671875,67929800,0.1457,0.5994,-0.296
2022-04-21,168.91000366210938,171.52999877929688,165.91000366210938,166.4199981689453,164.74964904785156,87227800,0.0223,0.34,-0.34
2022-04-22,166.4600067138672,167.8699951171875,161.5,161.7899932861328,160.1660919189453,84882400,0.034,0.34,0.0
2022-04-25,161.1199951171875,163.1699981689453,158.4600067138672,162.8800048828125,161.24517822265625,96046400,-0.0055,0.7579,-0.8481
2022-04-26,162.25,162.33999633789062,156.72000122070312,156.8000030517578,155.22621154785156,95623200,-0.0333,0.4588,-0.5423
2022-04-27,155.91000366210938,159.7899932861328,155.3800048828125,156.57000732421875,154.99853515625,88063200,0.0508,0.4588,-0.1531
2022-04-28,159.25,164.52000427246094,158.92999267578125,163.63999938964844,161.99757385253906,130216800,0.0648,0.4404,-0.2263
2022-04-29,161.83999633789062,166.1999969482422,157.25,157.64999389648438,156.06764221191406,131747600,0.0825,0.5106,-0.3182
2022-05-02,156.7100067138672,158.22999572753906,153.27000427246094,157.9600067138672,156.3745880126953,123055300,0.0448,0.6369,-0.4215
2022-05-03,158.14999389648438,160.7100067138672,156.32000732421875,159.47999572753906,157.87928771972656,88966500,0.0891,0.4019,0.0
2022-05-04,159.6699981689453,166.47999572753906,159.25999450683594,166.02000427246094,164.35366821289062,108256500,0.0456,0.5574,-0.5423
2022-05-05,163.85000610351562,164.0800018310547,154.9499969482422,156.77000427246094,155.196533203125,130525300,0.149,0.6478,-0.3818
2022-05-06,156.00999450683594,159.44000244140625,154.17999267578125,157.27999877929688,155.9301300048828,116124600,0.01,0.2023,-0.1027
2022-05-09,154.92999267578125,155.8300018310547,151.49000549316406,152.05999755859375,150.7549591064453,131577900,0.2072,0.6597,-0.0258
2022-05-10,155.52000427246094,156.74000549316406,152.92999267578125,154.50999450683594,153.18389892578125,115366700,0.016,0.6369,-0.5994
2022-05-11,153.5,155.4499969482422,145.80999755859375,146.5,145.24267578125,142689800,0.1376,0.5719,0.0
2022-05-12,142.77000427246094,146.1999969482422,138.8000030517578,142.55999755859375,141.3364715576172,182602000,-0.009,0.296,-0.6808
2022-05-13,144.58999633789062,148.10000610351562,143.11000061035156,147.11000061035156,145.84742736816406,113990900,0.0726,0.6369,-0.4215
2022-05-16,145.5500030517578,147.52000427246094,144.17999267578125,145.5399932861328,144.2908935546875,86643800,0.2968,0.7893,-0.2732
2022-05-17,148.86000061035156,149.77000427246094,146.67999267578125,149.24000549316406,147.9591522216797,78336300,0.0177,0.2023,-0.1027
2022-05-18,146.85000610351562,147.36000061035156,139.89999389648438,140.82000732421875,139.61141967773438,109742900,0.037,0.3612,-0.1779
2022-05-19,139.8800048828125,141.66000366210938,136.60000610351562,137.35000610351562,136.17120361328125,136095600,0.137,0.6908,-0.2023
2022-05-20,139.08999633789062,140.6999969482422,132.61000061035156,137.58999633789062,136.40914916992188,137426100,-0.1093,0.0,-0.4215
2022-05-23,137.7899932861328,143.25999450683594,137.64999389648438,143.11000061035156,141.88177490234375,117726300,-0.1646,0.296,-0.7906
2022-05-24,140.80999755859375,141.97000122070312,137.3300018310547,140.36000061035156,139.15536499023438,104132700,0.2281,0.6486,0.0
2022-05-25,138.42999267578125,141.7899932861328,138.33999633789062,140.52000427246094,139.31399536132812,92482700,0.0779,0.5859,-0.7506
2022-05-26,137.38999938964844,144.33999633789062,137.13999938964844,143.77999877929688,142.54598999023438,90601500,0.0462,0.3597,-0.2755
2022-05-27,145.38999938964844,149.67999267578125,145.25999450683594,149.63999938964844,148.355712890625,90978500,0.1946,0.7644,-0.296
2022-05-31,149.07000732421875,150.66000366210938,146.83999633789062,148.83999633789062,147.56256103515625,103718400,0.1626,0.6369,0.0
2022-06-01,149.89999389648438,151.74000549316406,147.67999267578125,148.7100067138672,147.43368530273438,74286600,-0.012,0.6249,-0.34
2022-06-02,147.8300018310547,151.27000427246094,146.86000061035156,151.2100067138672,149.91224670410156,72348100,0.0608,0.5719,-0.2411
2022-06-03,146.89999389648438,147.97000122070312,144.4600067138672,145.3800048828125,144.13229370117188,88570300,0.1389,0.6369,-0.8176
2022-06-06,147.02999877929688,148.57000732421875,144.89999389648438,146.13999938964844,144.88575744628906,71598400,-0.1436,0.0,-0.765
2022-06-07,144.35000610351562,149.0,144.10000610351562,148.7100067138672,147.43368530273438,67808200,0.2327,0.6369,0.0
2022-06-08,148.5800018310547,149.8699951171875,147.4600067138672,147.9600067138672,146.6901397705078,53950200,0.1001,0.6369,-0.3595
2022-06-09,147.0800018310547,147.9499969482422,142.52999877929688,142.63999938964844,141.41580200195312,69473000,0.0586,0.5859,0.0
2022-06-10,140.27999877929688,140.75999450683594,137.05999755859375,137.1300048828125,135.9530792236328,91437900,0.1465,0.6808,-0.1027
2022-06-13,132.8699951171875,135.1999969482422,131.44000244140625,131.8800048828125,130.74815368652344,122207100,0.1841,0.5719,-0.5574
2022-06-14,133.1300048828125,133.88999938964844,131.47999572753906,132.75999450683594,131.62059020996094,84784300,0.0297,0.4215,-0.5423
2022-06-15,134.2899932861328,137.33999633789062,132.16000366210938,135.42999267578125,134.2676544189453,91533000,-0.159,0.5267,-0.743
2022-06-16,132.0800018310547,132.38999938964844,129.0399932861328,130.05999755859375,128.94375610351562,108123900,-0.0913,0.7717,-0.7906
2022-06-17,130.07000732421875,133.0800018310547,129.80999755859375,131.55999755859375,130.430908203125,134520300,0.1429,0.6369,-0.2263
2022-06-21,133.4199981689453,137.05999755859375,133.32000732421875,135.8699951171875,134.7039031982422,81000500,0.1196,0.6369,-0.4576
2022-06-22,134.7899932861328,137.75999450683594,133.91000366210938,135.35000610351562,134.1883544921875,73409200,0.008,0.6369,-0.5
2022-06-23,136.82000732421875,138.58999633789062,135.6300048828125,138.27000427246094,137.0832977294922,72433800,0.1978,0.5859,-0.0258
2022-06-24,139.89999389648438,141.91000366210938,139.77000427246094,141.66000366210938,140.44419860839844,89116800,0.1679,0.6369,-0.1027
2022-06-27,142.6999969482422,143.49000549316406,140.97000122070312,141.66000366210938,140.44419860839844,70207900,0.1166,0.4019,0.0
2022-06-28,142.1300048828125,143.4199981689453,137.32000732421875,137.44000244140625,136.2604217529297,67083400,-0.0961,0.0,-0.438
2022-06-29,137.4600067138672,140.6699981689453,136.6699981689453,139.22999572753906,138.03506469726562,66242400,0.0813,0.5859,-0.4404
2022-06-30,137.25,138.3699951171875,133.77000427246094,136.72000122070312,135.546630859375,98964500,-0.1276,0.0,-0.4767
2022-07-01,136.0399932861328,139.0399932861328,135.66000366210938,138.92999267578125,137.73764038085938,71051600,0.1725,0.6369,-0.2755
2022-07-05,137.77000427246094,141.61000061035156,136.92999267578125,141.55999755859375,140.34506225585938,73353800,0.1267,0.5719,0.0
2022-07-06,141.35000610351562,144.1199951171875,141.0800018310547,142.9199981689453,141.69337463378906,74064300,0.1368,0.6369,-0.4497
2022-07-07,143.2899932861328,146.5500030517578,143.27999877929688,146.35000610351562,145.09397888183594,66253700,0.1126,0.8074,0.0
2022-07-08,145.25999450683594,147.5500030517578,145.0,147.0399932861328,145.7780303955078,64547800,-0.0235,0.7184,-0.5719
2022-07-11,145.6699981689453,146.63999938964844,143.77999877929688,144.8699951171875,143.62664794921875,63141600,0.0521,0.8316,-0.4939
2022-07-12,145.75999450683594,148.4499969482422,145.0500030517578,145.86000061035156,144.60816955566406,77588800,-0.0769,0.6369,-0.8834
2022-07-13,142.99000549316406,146.4499969482422,142.1199951171875,145.49000549316406,144.24134826660156,71185600,0.1975,0.7574,-0.6908
2022-07-14,144.0800018310547,148.9499969482422,143.25,148.47000122070312,147.19577026367188,78140700,0.1409,0.7096,-0.802
2022-07-15,149.77999877929688,150.86000061035156,148.1999969482422,150.1699981689453,148.8811798095703,76259900,0.1494,0.7906,-0.5106
2022-07-18,150.74000549316406,151.57000732421875,146.6999969482422,147.07000732421875,145.8077850341797,81420900,-0.1806,0.0,-0.5719
2022-07-19,147.9199981689453,151.22999572753906,146.91000366210938,151.0,149.70404052734375,82982400,-0.1247,0.34,-0.5859
2022-07-20,151.1199951171875,153.72000122070312,150.3699951171875,153.0399932861328,151.72653198242188,64823400,0.0468,0.4939,-0.296
2022-07-21,154.5,155.57000732421875,151.94000244140625,155.35000610351562,154.01670837402344,65086600,0.0756,0.6597,-0.1877
2022-07-22,155.38999938964844,156.27999877929688,153.41000366210938,154.08999633789062,152.76751708984375,66675400,0.1581,0.7579,0.0
2022-07-25,154.00999450683594,155.0399932861328,152.27999877929688,152.9499969482422,151.63731384277344,53623900,0.0229,0.6249,-0.5994
2022-07-26,152.25999450683594,153.08999633789062,150.8000030517578,151.60000610351562,150.2989044189453,55138700,0.172,0.7184,0.0
2022-07-27,152.5800018310547,157.3300018310547,152.16000366210938,156.7899932861328,155.44435119628906,78620700,0.2005,0.6597,-0.6486
2022-07-28,156.97999572753906,157.63999938964844,154.41000366210938,157.35000610351562,155.9995574951172,81378700,0.1372,0.7311,-0.34
2022-07-29,161.24000549316406,163.6300048828125,159.5,162.50999450683594,161.11524963378906,101786900,-0.2206,0.0,-0.6597
2022-08-01,161.00999450683594,163.58999633789062,160.88999938964844,161.50999450683594,160.12387084960938,67829400,0.1556,0.6222,-0.2023
2022-08-02,160.10000610351562,162.41000366210938,159.6300048828125,160.00999450683594,158.63670349121094,59907000,-0.0344,0.4404,-0.4417
2022-08-03,160.83999633789062,166.58999633789062,160.75,166.1300048828125,164.70419311523438,82507500,-0.1038,0.0,-0.3182
2022-08-04,166.00999450683594,167.19000244140625,164.42999267578125,165.80999755859375,164.38693237304688,55474100,0.0703,0.6703,-0.2732
2022-08-05,163.2100067138672,165.85000610351562,163.0,165.35000610351562,164.15859985351562,56697000,0.0408,0.6369,-0.3818
2022-08-08,166.3699951171875,167.80999755859375,164.1999969482422,164.8699951171875,163.6820526123047,60276900,0.1275,0.5719,0.0
2022-08-09,164.02000427246094,165.82000732421875,163.25,164.9199981689453,163.73170471191406,63135500,-0.1038,0.0,-0.4019
2022-08-10,167.67999267578125,169.33999633789062,166.89999389648438,169.24000549316406,168.02056884765625,70170500,-0.0345,0.5719,-0.6478
2022-08-11,170.05999755859375,170.99000549316406,168.19000244140625,168.49000549316406,167.27598571777344,57149200,-0.0644,0.3182,-0.7783
2022-08-12,169.82000732421875,172.1699981689453,169.39999389648438,172.10000610351562,170.85997009277344,68039400,0.1136,0.7096,0.0
2022-08-15,171.52000427246094,173.38999938964844,171.35000610351562,173.19000244140625,171.94210815429688,54091700,0.0416,0.2449,-0.4215
2022-08-16,172.77999877929688,173.7100067138672,171.66000366210938,173.02999877929688,171.78326416015625,56377100,0.1219,0.6369,-0.4588
2022-08-17,172.77000427246094,176.14999389648438,172.57000732421875,174.5500030517578,173.2923126220703,79542000,-0.0016,0.5267,-0.5423
2022-08-18,173.75,174.89999389648438,173.1199951171875,174.14999389648438,172.8951873779297,62290100,0.0266,0.34,-0.5994
2022-08-19,173.02999877929688,173.74000549316406,171.30999755859375,171.52000427246094,170.2841339111328,70346300,-0.0169,0.4767,-0.5719
2022-08-22,169.69000244140625,169.86000061035156,167.13999938964844,167.57000732421875,166.3625946044922,69026800,0.0941,0.6369,-0.4215
2022-08-23,167.0800018310547,168.7100067138672,166.64999389648438,167.22999572753906,166.02505493164062,54147100,-0.0542,0.296,-0.7579
2022-08-24,167.32000732421875,168.11000061035156,166.25,167.52999877929688,166.32289123535156,53841500,0.131,0.6369,0.0
2022-08-25,168.77999877929688,170.13999938964844,168.35000610351562,170.02999877929688,168.80487060546875,51218200,0.0174,0.6369,-0.4389
2022-08-26,170.57000732421875,171.0500030517578,163.55999755859375,163.6199951171875,162.44105529785156,78961000,-0.1644,0.1779,-0.7906
2022-08-29,161.14999389648438,162.89999389648438,159.82000732421875,161.3800048828125,160.21719360351562,73314000,-0.0352,0.3182,-0.6249
2022-08-30,162.1300048828125,162.55999755859375,157.72000122070312,158.91000366210938,157.76499938964844,77906200,0.0204,0.6705,-0.7579
2022-08-31,160.30999755859375,160.5800018310547,157.13999938964844,157.22000122070312,156.087158203125,87991100,0.0366,0.4588,-0.296
2022-09-01,156.63999938964844,158.4199981689453,154.6699981689453,157.9600067138672,156.8218536376953,74229900,0.089,0.8126,-0.296
2022-09-02,159.75,160.36000061035156,154.97000122070312,155.80999755859375,154.68734741210938,76957800,-0.0756,0.5106,-0.8658
2022-09-06,156.47000122070312,157.08999633789062,153.69000244140625,154.52999877929688,153.41656494140625,73714800,-0.0519,0.4019,-0.6249
2022-09-07,154.82000732421875,156.6699981689453,153.61000061035156,155.9600067138672,154.8362579345703,87449600,-0.0657,0.3612,-0.3818
2022-09-08,154.63999938964844,156.36000061035156,152.67999267578125,154.4600067138672,153.34707641601562,84923800,0.2253,0.5106,0.0
2022-09-09,155.47000122070312,157.82000732421875,154.75,157.3699951171875,156.23609924316406,68028800,0.1299,0.6369,-0.5106
2022-09-12,159.58999633789062,164.25999450683594,159.3000030517578,163.42999267578125,162.25242614746094,104956000,0.0438,0.5859,-0.4019
2022-09-13,159.89999389648438,160.5399932861328,153.3699951171875,153.83999633789062,152.7315216064453,122656600,-0.0063,0.6369,-0.7003
2022-09-14,154.7899932861328,157.10000610351562,153.61000061035156,155.30999755859375,154.19094848632812,87965400,0.0241,0.4005,-0.2732
2022-09-15,154.64999389648438,155.24000549316406,151.3800048828125,152.3699951171875,151.27210998535156,90481100,0.1175,0.4215,-0.34
2022-09-16,151.2100067138672,151.35000610351562,148.3699951171875,150.6999969482422,149.61415100097656,162278800,0.1516,0.906,-0.5423
2022-09-19,149.30999755859375,154.55999755859375,149.10000610351562,154.47999572753906,153.36691284179688,81474200,0.2228,0.5106,0.0
2022-09-20,153.39999389648438,158.0800018310547,153.0800018310547,156.89999389648438,155.7694854736328,107689800,-0.0388,0.4019,-0.4601
2022-09-21,157.33999633789062,158.74000549316406,153.60000610351562,153.72000122070312,152.6123809814453,101696800,0.1225,0.5994,-0.5994
2022-09-22,152.3800048828125,154.47000122070312,150.91000366210938,152.74000549316406,151.63946533203125,86652500,-0.0132,0.3182,-0.296
2022-09-23,151.19000244140625,151.47000122070312,148.55999755859375,150.42999267578125,149.34609985351562,96029900,-0.0678,0.6705,-0.6249
2022-09-26,149.66000366210938,153.77000427246094,149.63999938964844,150.77000427246094,149.68365478515625,93339400,0.0774,0.6705,-0.7717
2022-09-27,152.74000549316406,154.72000122070312,149.9499969482422,151.75999450683594,150.66650390625,84442700,-0.0148,0.5499,-0.6369
2022-09-28,147.63999938964844,150.63999938964844,144.83999633789062,149.83999633789062,148.76036071777344,146691400,-0.1501,0.3818,-0.8316
2022-09-29,146.10000610351562,146.72000122070312,140.67999267578125,142.47999572753906,141.453369140625,128138200,-0.0186,0.5267,-0.5994
2022-09-30,141.27999877929688,143.10000610351562,138.0,138.1999969482422,137.2042236328125,124925300,0.0293,0.4215,-0.6486
2022-10-03,138.2100067138672,143.07000732421875,137.69000244140625,142.4499969482422,141.42361450195312,114311700,0.0496,0.6369,-0.5106
2022-10-04,145.02999877929688,146.22000122070312,144.25999450683594,146.10000610351562,145.0473175048828,87830100,-0.0194,0.1531,-0.296
2022-10-05,144.07000732421875,147.3800048828125,143.00999450683594,146.39999389648438,145.34512329101562,79471000,0.0022,0.3182,-0.296
2022-10-06,145.80999755859375,147.5399932861328,145.22000122070312,145.42999267578125,144.3821258544922,68402200,-0.0715,0.296,-0.7845
2022-10-07,142.5399932861328,143.10000610351562,139.4499969482422,140.08999633789062,139.08059692382812,85925600,0.0114,0.5859,-0.6666
2022-10-10,140.4199981689453,141.88999938964844,138.57000732421875,140.4199981689453,139.40821838378906,74899000,-0.0856,0.6369,-0.5423
2022-10-11,139.89999389648438,141.35000610351562,138.22000122070312,138.97999572753906,137.9785919189453,77033700,0.103,0.7906,-0.296
2022-10-12,139.1300048828125,140.36000061035156,138.16000366210938,138.33999633789062,137.3432159423828,70433700,0.0812,0.6369,-0.3818
2022-10-13,134.99000549316406,143.58999633789062,134.3699951171875,142.99000549316406,141.95970153808594,113224000,0.1798,0.8126,-0.128
2022-10-14,144.30999755859375,144.52000427246094,138.19000244140625,138.3800048828125,137.3829345703125,88598000,0.0891,0.6369,-0.128
2022-10-17,141.07000732421875,142.89999389648438,140.27000427246094,142.41000366210938,141.38389587402344,85250900,0.1095,0.4588,0.0
2022-10-18,145.49000549316406,146.6999969482422,140.61000061035156,143.75,142.7142333984375,99136600,-0.0384,0.4939,-0.6808
2022-10-19,141.69000244140625,144.9499969482422,141.5,143.86000061035156,142.82342529296875,61758300,0.1719,0.6369,0.0
2022-10-20,143.02000427246094,145.88999938964844,142.64999389648438,143.38999938964844,142.35682678222656,64522000,-0.0052,0.3818,-0.5267
2022-10-21,142.8699951171875,147.85000610351562,142.64999389648438,147.27000427246094,146.20887756347656,86548600,0.1121,0.7003,-0.2235
2022-10-24,147.19000244140625,150.22999572753906,146.0,149.4499969482422,148.37315368652344,75981900,-0.0407,0.0516,-0.4588
2022-10-25,150.08999633789062,152.49000549316406,149.36000061035156,152.33999633789062,151.24234008789062,74732300,0.0001,0.6369,-0.7351
2022-10-26,150.9600067138672,151.99000549316406,148.0399932861328,149.35000610351562,148.2738800048828,88194300,-0.0688,0.3612,-0.3612
2022-10-27,148.07000732421875,149.0500030517578,144.1300048828125,144.8000030517578,143.75665283203125,109180200,-0.0354,0.0,-0.2263
2022-10-28,148.1999969482422,157.5,147.82000732421875,155.74000549316406,154.61785888671875,164762400,0.0322,0.7184,-0.6249
2022-10-31,153.16000366210938,154.24000549316406,151.9199981689453,153.33999633789062,152.23512268066406,97943200,0.1459,0.5574,-0.1027
2022-11-01,155.0800018310547,155.4499969482422,149.1300048828125,150.64999389648438,149.5644989013672,80379300,0.1522,0.5106,-0.4215
2022-11-02,148.9499969482422,152.1699981689453,145.0,145.02999877929688,143.98500061035156,93604600,-0.1042,0.8126,-0.7579
2022-11-03,142.05999755859375,142.8000030517578,138.75,138.8800048828125,137.87933349609375,97918500,-0.089,0.5106,-0.7964
2022-11-04,142.08999633789062,142.6699981689453,134.3800048828125,138.3800048828125,137.61082458496094,140814800,0.1439,0.6369,-0.7783
2022-11-07,137.11000061035156,139.14999389648438,135.6699981689453,138.9199981689453,138.14781188964844,83374600,-0.0088,0.4019,-0.569
2022-11-08,140.41000366210938,141.42999267578125,137.49000549316406,139.5,138.72459411621094,89908500,0.0266,0.6249,-0.7579
2022-11-09,138.5,138.5500030517578,134.58999633789062,134.8699951171875,134.12033081054688,74917800,-0.0172,0.4588,-0.6808
2022-11-10,141.24000549316406,146.8699951171875,139.5,146.8699951171875,146.05361938476562,118854000,0.0719,0.7818,-0.296
2022-11-11,145.82000732421875,150.00999450683594,144.3699951171875,149.6999969482422,148.86790466308594,93979700,0.0232,0.3182,-0.3818
2022-11-14,148.97000122070312,150.27999877929688,147.42999267578125,148.27999877929688,147.45578002929688,73374100,0.0896,0.6597,-0.5267
2022-11-15,152.22000122070312,153.58999633789062,148.55999755859375,150.0399932861328,149.2060089111328,89868300,0.0002,0.6369,-0.3818
2022-11-16,149.1300048828125,149.8699951171875,147.2899932861328,148.7899932861328,147.9629364013672,64218300,0.1027,0.6369,-0.5994
2022-11-17,146.42999267578125,151.47999572753906,146.14999389648438,150.72000122070312,149.88221740722656,80389400,0.3257,0.7184,0.0
2022-11-18,152.30999755859375,152.6999969482422,149.97000122070312,151.2899932861328,150.44906616210938,74829600,0.1319,0.7096,-0.4404
2022-11-21,150.16000366210938,150.3699951171875,147.72000122070312,148.00999450683594,147.18728637695312,58724100,-0.0626,0.7096,-0.6597
2022-11-22,148.1300048828125,150.4199981689453,146.92999267578125,150.17999267578125,149.34523010253906,51804100,-0.0105,0.6369,-0.8689
2022-11-23,149.4499969482422,151.8300018310547,149.33999633789062,151.07000732421875,150.2303009033203,58301400,-0.0262,0.6697,-0.7351
2022-11-25,148.30999755859375,148.8800048828125,147.1199951171875,148.11000061035156,147.2867431640625,35195900,-0.0059,0.7184,-0.7351
2022-11-28,145.13999938964844,146.63999938964844,143.3800048828125,144.22000122070312,143.41836547851562,69246000,0.0955,0.6621,-0.5994
2022-11-29,144.2899932861328,144.80999755859375,140.35000610351562,141.1699981689453,140.3853302001953,83763800,0.0956,0.765,-0.6808
2022-11-30,141.39999389648438,148.72000122070312,140.5500030517578,148.02999877929688,147.20718383789062,111380900,-0.1454,0.3182,-0.6249
2022-12-01,148.2100067138672,149.1300048828125,146.61000061035156,148.30999755859375,147.48562622070312,71250400,0.0502,0.6908,-0.3818
2022-12-02,145.9600067138672,148.0,145.64999389648438,147.80999755859375,146.98841857910156,65447400,0.1616,0.6369,-0.6705
2022-12-05,147.77000427246094,150.9199981689453,145.77000427246094,146.6300048828125,145.81497192382812,68826400,-0.1062,0.2846,-0.5423
2022-12-06,147.07000732421875,147.3000030517578,141.9199981689453,142.91000366210938,142.1156463623047,64727200,-0.1225,0.1139,-0.5859
2022-12-07,142.19000244140625,143.3699951171875,140.0,140.94000244140625,140.15660095214844,69721100,0.0851,0.5106,0.0
2022-12-08,142.36000061035156,143.52000427246094,141.10000610351562,142.64999389648438,141.85707092285156,62128300,-0.1233,0.296,-0.8074
2022-12-09,142.33999633789062,145.57000732421875,140.89999389648438,142.16000366210938,141.3697967529297,76097000,-0.0881,0.7184,-0.6597
2022-12-12,142.6999969482422,144.5,141.05999755859375,144.49000549316406,143.68685913085938,70462700,0.0584,0.4588,-0.296
2022-12-13,149.5,149.97000122070312,144.24000549316406,145.47000122070312,144.6614227294922,93886200,0.1483,0.4019,0.0
2022-12-14,145.35000610351562,146.66000366210938,141.16000366210938,143.2100067138672,142.4139862060547,82291200,0.2127,0.7506,-0.25
2022-12-15,141.11000061035156,141.8000030517578,136.02999877929688,136.5,135.74127197265625,98931900,-0.1065,0.0772,-0.6486
2022-12-16,136.69000244140625,137.64999389648438,133.72999572753906,134.50999450683594,133.7623291015625,160156900,0.2573,0.8122,-0.2732
2022-12-19,135.11000061035156,135.1999969482422,131.32000732421875,132.3699951171875,131.6342010498047,79592600,0.0922,0.6369,-0.4939
2022-12-20,131.38999938964844,133.25,129.88999938964844,132.3000030517578,131.5646209716797,77432800,0.1536,0.5859,-0.4939
2022-12-21,132.97999572753906,136.80999755859375,132.75,135.4499969482422,134.69711303710938,85928000,0.1679,0.7783,-0.5719
2022-12-22,134.35000610351562,134.55999755859375,130.3000030517578,132.22999572753906,131.4949951171875,77852100,-0.0036,0.4019,-0.7783
2022-12-23,130.9199981689453,132.4199981689453,129.63999938964844,131.86000061035156,131.12705993652344,63814900,-0.0326,0.4019,-0.8126
2022-12-27,131.3800048828125,131.41000366210938,128.72000122070312,130.02999877929688,129.30723571777344,69007800,0.0365,0.8519,-0.4767
2022-12-28,129.6699981689453,131.02999877929688,125.87000274658205,126.04000091552734,125.33940887451172,85438400,-0.1637,0.0772,-0.765
2022-12-29,127.98999786376952,130.47999572753906,127.7300033569336,129.61000061035156,128.8895721435547,75703700,-0.1016,0.5106,-0.6124
2022-12-30,128.41000366210938,129.9499969482422,127.43000030517578,129.92999267578125,129.20777893066406,77034200,0.0126,0.6369,-0.5859
2023-01-03,130.27999877929688,130.89999389648438,124.16999816894533,125.06999969482422,124.37479400634766,112117500,0.0243,0.7783,-0.7841
2023-01-04,126.88999938964844,128.66000366210938,125.08000183105467,126.36000061035156,125.65763854980467,89113600,0.1174,0.6369,-0.2263
2023-01-05,127.12999725341795,127.7699966430664,124.76000213623048,125.0199966430664,124.32508087158205,80962700,-0.0534,0.6369,-0.6705
2023-01-06,126.01000213623048,130.2899932861328,124.88999938964844,129.6199951171875,128.89950561523438,87754700,-0.0542,0.3818,-0.4019
2023-01-09,130.47000122070312,133.41000366210938,129.88999938964844,130.14999389648438,129.42654418945312,70790800,0.0578,0.6369,-0.2732
2023-01-10,130.25999450683594,131.25999450683594,128.1199951171875,130.72999572753906,130.0033416748047,63896200,0.0202,0.2023,0.0
2023-01-11,131.25,133.50999450683594,130.4600067138672,133.49000549316406,132.74801635742188,69458900,0.1039,0.6369,0.0
2023-01-12,133.8800048828125,134.25999450683594,131.44000244140625,133.41000366210938,132.66845703125,71379600,-0.0855,0.4767,-0.5994
2023-01-13,132.02999877929688,134.9199981689453,131.66000366210938,134.75999450683594,134.01095581054688,57809700,0.1685,0.5859,-0.4404
2023-01-17,134.8300018310547,137.2899932861328,134.1300048828125,135.94000244140625,135.1843719482422,63646600,0.1956,0.6369,-0.4215
2023-01-18,136.82000732421875,138.61000061035156,135.02999877929688,135.2100067138672,134.4584503173828,69672800,0.0005,0.4019,-0.7783
2023-01-19,134.0800018310547,136.25,133.77000427246094,135.27000427246094,134.5181121826172,58280400,0.0389,0.5267,-0.6486
2023-01-20,135.27999877929688,138.02000427246094,134.22000122070312,137.8699951171875,137.10365295410156,80223600,0.0775,0.4019,0.0
2023-01-23,138.1199951171875,143.32000732421875,137.89999389648438,141.11000061035156,140.32565307617188,81760300,0.1382,0.4767,-0.3182
2023-01-24,140.30999755859375,143.16000366210938,140.3000030517578,142.52999877929688,141.73776245117188,66435100,0.1803,0.8481,0.0
2023-01-25,140.88999938964844,142.42999267578125,138.80999755859375,141.86000061035156,141.07147216796875,65799300,0.1663,0.7717,-0.4939
2023-01-26,143.1699981689453,144.25,141.89999389648438,143.9600067138672,143.15982055664062,54105100,0.1322,0.6808,-0.2732
2023-01-27,143.16000366210938,147.22999572753906,143.0800018310547,145.92999267578125,145.1188507080078,70555800,0.1476,0.7269,-0.5423
2023-01-30,144.9600067138672,145.5500030517578,142.85000610351562,143.0,142.20513916015625,64015300,-0.0254,0.6249,-0.6705
2023-01-31,142.6999969482422,144.33999633789062,142.27999877929688,144.2899932861328,143.48794555664062,65874500,-0.0972,0.6696,-0.5267
2023-02-01,143.97000122070312,146.61000061035156,141.32000732421875,145.42999267578125,144.6216278076172,77663600,0.1022,0.6369,-0.4939
2023-02-02,148.89999389648438,151.17999267578125,148.1699981689453,150.82000732421875,149.98167419433594,118339000,0.0378,0.34,-0.1531
2023-02-03,148.02999877929688,157.3800048828125,147.8300018310547,154.5,153.64120483398438,154357300,0.097,0.4939,-0.5859
2023-02-06,152.57000732421875,153.10000610351562,150.77999877929688,151.72999572753906,150.88662719726562,69858300,0.1302,0.4019,0.0
2023-02-07,150.63999938964844,155.22999572753906,150.63999938964844,154.64999389648438,153.79037475585938,83322600,0.1533,0.6369,-0.5719
2023-02-08,153.8800048828125,154.5800018310547,151.1699981689453,151.9199981689453,151.0755615234375,64120100,0.1154,0.6369,-0.8834
2023-02-09,153.77999877929688,154.3300018310547,150.4199981689453,150.8699951171875,150.03138732910156,56007100,-0.1491,0.4404,-0.765
2023-02-10,149.4600067138672,151.33999633789062,149.22000122070312,151.00999450683594,150.39988708496094,57450700,0.0405,0.3818,-0.4019
2023-02-13,150.9499969482422,154.25999450683594,150.9199981689453,153.85000610351562,153.2284393310547,62199000,0.0448,0.6486,-0.4588
2023-02-14,152.1199951171875,153.77000427246094,150.86000061035156,153.1999969482422,152.5810546875,61707600,-0.0464,0.34,-0.4939
2023-02-15,153.11000061035156,155.5,152.8800048828125,155.3300018310547,154.70245361328125,65573800,-0.0321,0.1027,-0.296
2023-02-16,153.50999450683594,156.3300018310547,153.35000610351562,153.7100067138672,153.08900451660156,68167900,-0.0232,0.2263,-0.3182
2023-02-17,152.35000610351562,153.0,150.85000610351562,152.5500030517578,151.93368530273438,59144100,0.1368,0.6369,-0.1531
2023-02-21,150.1999969482422,151.3000030517578,148.41000366210938,148.47999572753906,147.880126953125,58867200,-0.0362,0.659,-0.5574
2023-02-22,148.8699951171875,149.9499969482422,147.16000366210938,148.91000366210938,148.3083953857422,51011300,0.143,0.4404,0.0
2023-02-23,150.08999633789062,150.33999633789062,147.24000549316406,149.39999389648438,148.79640197753906,48394200,0.0296,0.3818,-0.2263
2023-02-24,147.11000061035156,147.19000244140625,145.72000122070312,146.7100067138672,146.11727905273438,55469600,-0.0014,0.6369,-0.7579
2023-02-27,147.7100067138672,149.1699981689453,147.4499969482422,147.9199981689453,147.3223876953125,44998500,0.1247,0.5719,0.0
2023-02-28,147.0500030517578,149.0800018310547,146.8300018310547,147.41000366210938,146.814453125,50547000,0.2119,0.6369,-0.34
2023-03-01,146.8300018310547,147.22999572753906,145.00999450683594,145.30999755859375,144.72293090820312,55479000,0.185,0.6124,0.0
2023-03-02,144.3800048828125,146.7100067138672,143.89999389648438,145.91000366210938,145.3205108642578,52238100,0.0626,0.5859,-0.5719
2023-03-03,148.0399932861328,151.11000061035156,147.3300018310547,151.02999877929688,150.41983032226562,70732300,0.0098,0.6249,-0.6249
2023-03-06,153.7899932861328,156.3000030517578,153.4600067138672,153.8300018310547,153.20851135253906,87558000,-0.0922,0.34,-0.6908
2023-03-07,153.6999969482422,154.02999877929688,151.1300048828125,151.60000610351562,150.98753356933594,56182000,0.1204,0.8074,-0.6486
2023-03-08,152.80999755859375,153.47000122070312,151.8300018310547,152.8699951171875,152.2523956298828,47204800,0.1678,0.6369,-0.1779
2023-03-09,153.55999755859375,154.5399932861328,150.22999572753906,150.58999633789062,149.98159790039062,53833600,0.0918,0.5859,-0.34
2023-03-10,150.2100067138672,150.94000244140625,147.61000061035156,148.5,147.90003967285156,68572400,0.0177,0.6369,-0.4588
2023-03-13,147.80999755859375,153.13999938964844,147.6999969482422,150.47000122070312,149.86209106445312,84457100,0.0701,0.6369,-0.4767
2023-03-14,151.27999877929688,153.39999389648438,150.10000610351562,152.58999633789062,151.97352600097656,73695900,0.15,0.6369,-0.296
2023-03-15,151.19000244140625,153.25,149.9199981689453,152.99000549316406,152.37191772460938,77167900,-0.05,0.0,-0.25
2023-03-16,152.16000366210938,156.4600067138672,151.63999938964844,155.85000610351562,155.22035217285156,76161100,0.1735,0.5719,0.0
2023-03-17,156.0800018310547,156.74000549316406,154.27999877929688,155.0,154.373779296875,98944600,0.0757,0.6369,-0.4588
2023-03-20,155.07000732421875,157.82000732421875,154.14999389648438,157.39999389648438,156.7640838623047,73641400,-0.0484,0.0,-0.3818
2023-03-21,157.32000732421875,159.39999389648438,156.5399932861328,159.27999877929688,158.636474609375,73938300,0.2228,0.6369,-0.34
2023-03-22,159.3000030517578,162.13999938964844,157.80999755859375,157.8300018310547,157.19235229492188,75701800,-0.0551,0.4404,-0.636
2023-03-23,158.8300018310547,161.5500030517578,157.67999267578125,158.92999267578125,158.2878875732422,67622100,0.0214,0.5927,-0.4404
2023-03-24,158.86000061035156,160.33999633789062,157.85000610351562,160.25,159.6025848388672,59196500,0.0095,0.6124,-0.5423
2023-03-27,159.94000244140625,160.77000427246094,157.8699951171875,158.27999877929688,157.64053344726562,52390300,-0.0696,0.4019,-0.6486
2023-03-28,157.97000122070312,158.49000549316406,155.97999572753906,157.64999389648438,157.0130615234375,45992200,-0.0271,0.6249,-0.6908
2023-03-29,159.3699951171875,161.0500030517578,159.35000610351562,160.77000427246094,160.1204833984375,51305700,0.0585,0.6369,-0.1027
2023-03-30,161.52999877929688,162.47000122070312,161.27000427246094,162.36000061035156,161.7040557861328,49501700,0.1306,0.4939,-0.4019
2023-03-31,162.44000244140625,165.0,161.91000366210938,164.89999389648438,164.23377990722656,68749800,-0.051,0.296,-0.3818
2023-04-03,164.27000427246094,166.2899932861328,164.22000122070312,166.1699981689453,165.4986572265625,56976200,0.0896,0.7096,-0.0516
2023-04-04,166.60000610351562,166.83999633789062,165.11000061035156,165.6300048828125,164.96084594726562,46278300,-0.0339,0.0,-0.296
2023-04-05,164.74000549316406,165.0500030517578,161.8000030517578,163.75999450683594,163.098388671875,51511700,0.0859,0.7579,-0.4588
2023-04-06,162.42999267578125,164.9600067138672,162.0,164.66000366210938,163.99476623535156,45390100,0.0271,0.5859,-0.6889
2023-04-10,161.4199981689453,162.02999877929688,160.0800018310547,162.02999877929688,161.37538146972656,47716900,0.1503,0.6369,-0.5859
2023-04-11,162.35000610351562,162.36000061035156,160.50999450683594,160.8000030517578,160.15036010742188,47644200,0.0727,0.7269,-0.4939
2023-04-12,161.22000122070312,162.05999755859375,159.77999877929688,160.10000610351562,159.45318603515625,50133100,-0.0668,0.6705,-0.4767
2023-04-13,161.6300048828125,165.8000030517578,161.4199981689453,165.55999755859375,164.89111328125,68445600,0.0414,0.7096,-0.296
2023-04-14,164.58999633789062,166.32000732421875,163.82000732421875,165.2100067138672,164.54254150390625,49386500,-0.0736,0.0258,-0.4215
2023-04-17,165.08999633789062,165.38999938964844,164.02999877929688,165.22999572753906,164.5624542236328,41516200,-0.0151,0.4404,-0.3182
2023-04-18,166.10000610351562,167.41000366210938,165.64999389648438,166.47000122070312,165.79745483398438,49923000,-0.0728,0.6808,-0.7184
2023-04-19,165.8000030517578,168.16000366210938,165.5399932861328,167.6300048828125,166.95277404785156,47720200,0.0524,0.6369,-0.5106
2023-04-20,166.08999633789062,167.8699951171875,165.55999755859375,166.64999389648438,165.97671508789062,52456400,0.0633,0.4404,-0.5093
2023-04-21,165.0500030517578,166.4499969482422,164.49000549316406,165.02000427246094,164.3533172607422,58337300,-0.1287,0.5927,-0.6956
2023-04-24,165.0,165.60000610351562,163.88999938964844,165.3300018310547,164.66204833984375,41949600,0.2075,0.6369,-0.5994
2023-04-25,165.19000244140625,166.30999755859375,163.72999572753906,163.77000427246094,163.1083526611328,48714100,0.0372,0.6369,-0.4215
2023-04-26,163.05999755859375,165.27999877929688,162.8000030517578,163.75999450683594,163.098388671875,45498800,0.051,0.807,-0.34
2023-04-27,165.19000244140625,168.55999755859375,165.19000244140625,168.41000366210938,167.7296142578125,64902300,-0.0504,0.2263,-0.4215
2023-04-28,168.49000549316406,169.85000610351562,167.8800048828125,169.67999267578125,168.99447631835938,55209200,0.2105,0.8176,-0.7506
2023-05-01,169.27999877929688,170.4499969482422,168.63999938964844,169.58999633789062,168.90484619140625,52472900,0.1531,0.5106,-0.3818
2023-05-02,170.08999633789062,170.35000610351562,167.5399932861328,168.5399932861328,167.85906982421875,48425700,0.0173,0.4215,-0.34
2023-05-03,169.5,170.9199981689453,167.16000366210938,167.4499969482422,166.7734832763672,65136000,0.0667,0.6369,-0.5994
2023-05-04,164.88999938964844,167.0399932861328,164.30999755859375,165.7899932861328,165.12017822265625,81235400,0.0648,0.5106,-0.4215
2023-05-05,170.97999572753906,174.3000030517578,170.75999450683594,173.57000732421875,172.86875915527344,113316400,0.1625,0.7269,-0.128
2023-05-08,172.47999572753906,173.85000610351562,172.11000061035156,173.5,172.79904174804688,55962800,0.0496,0.7096,-0.4588
2023-05-09,173.0500030517578,173.5399932861328,171.60000610351562,171.77000427246094,171.07603454589844,45326900,-0.0186,0.34,-0.2732
2023-05-10,173.02000427246094,174.02999877929688,171.89999389648438,173.55999755859375,172.85879516601562,53724500,0.3117,0.8658,0.0
2023-05-11,173.85000610351562,174.58999633789062,172.1699981689453,173.75,173.04803466796875,49514700,0.1096,0.7964,-0.1027
2023-05-12,173.6199951171875,174.05999755859375,171.0,172.57000732421875,172.11053466796875,45497800,-0.0607,0.7184,-0.6249
2023-05-15,173.16000366210938,173.2100067138672,171.47000122070312,172.07000732421875,171.61187744140625,37266700,0.0524,0.6369,-0.3818
2023-05-16,171.99000549316406,173.13999938964844,171.8000030517578,172.07000732421875,171.61187744140625,42110300,-0.1493,0.4417,-0.6705
2023-05-17,171.7100067138672,172.92999267578125,170.4199981689453,172.69000244140625,172.230224609375,57951600,0.273,0.7184,-0.5106
2023-05-18,173.0,175.24000549316406,172.5800018310547,175.0500030517578,174.58392333984375,65496700,-0.0944,0.5859,-0.7269
2023-05-19,176.38999938964844,176.38999938964844,174.94000244140625,175.16000366210938,174.6936492919922,55772400,0.1712,0.8176,-0.34
2023-05-22,173.97999572753906,174.7100067138672,173.4499969482422,174.1999969482422,173.73619079589844,43570900,0.0171,0.4767,-0.1779
2023-05-23,173.1300048828125,173.3800048828125,171.27999877929688,171.55999755859375,171.1032257080078,50747300,-0.0548,0.4404,-0.5187
2023-05-24,171.08999633789062,172.4199981689453,170.52000427246094,171.83999633789062,171.38247680664062,45143500,0.0854,0.4404,-0.1531
2023-05-25,172.41000366210938,173.89999389648438,171.69000244140625,172.99000549316406,172.5294189453125,56058300,-0.0267,0.7096,-0.5423
2023-05-26,173.32000732421875,175.77000427246094,173.11000061035156,175.42999267578125,174.96292114257812,54835000,0.1089,0.743,-0.4404
2023-05-30,176.9600067138672,178.99000549316406,176.57000732421875,177.3000030517578,176.82794189453125,55964400,0.1144,0.6369,-0.0772
2023-05-31,177.3300018310547,179.35000610351562,176.75999450683594,177.25,176.778076171875,99625300,0.1047,0.8779,-0.6249
2023-06-01,177.6999969482422,180.1199951171875,176.92999267578125,180.08999633789062,179.61050415039062,68901800,-0.1328,0.2023,-0.5574
2023-06-02,181.02999877929688,181.77999877929688,179.25999450683594,180.9499969482422,180.4682159423828,61945900,0.118,0.6597,-0.6486
2023-06-05,182.6300048828125,184.9499969482422,178.0399932861328,179.5800018310547,179.10186767578125,121946500,0.0801,0.3716,-0.25
2023-06-06,179.97000122070312,180.1199951171875,177.42999267578125,179.2100067138672,178.7328643798828,64848400,0.1562,0.6597,0.0
2023-06-07,178.44000244140625,181.2100067138672,177.32000732421875,177.82000732421875,177.3465576171875,61944600,-0.0832,0.4767,-0.6369
2023-06-08,177.89999389648438,180.83999633789065,177.4600067138672,180.57000732421875,180.0892333984375,50214900,-0.1047,0.25,-0.4767
2023-06-09,181.5,182.22999572753903,180.6300048828125,180.9600067138672,180.4781951904297,48870700,0.0472,0.6369,-0.5423
2023-06-12,181.2700042724609,183.88999938964844,180.97000122070312,183.7899932861328,183.3006591796875,54274900,0.1142,0.6249,-0.6486
2023-06-13,182.8000030517578,184.1499938964844,182.44000244140625,183.30999755859372,182.82192993164065,54929100,0.0689,0.5719,-0.34
2023-06-14,183.3699951171875,184.38999938964844,182.0200042724609,183.9499969482422,183.46023559570312,57462900,0.1595,0.6369,-0.4588
2023-06-15,183.9600067138672,186.5200042724609,183.77999877929688,186.00999450683597,185.51475524902344,65433200,0.0511,0.5106,0.0
2023-06-16,186.72999572753903,186.9900054931641,184.2700042724609,184.9199981689453,184.4276428222656,101235600,0.2664,0.6369,-0.34
2023-06-20,184.41000366210935,186.1000061035156,184.41000366210935,185.00999450683597,184.5174102783203,49799100,0.0251,0.5106,-0.4404
2023-06-21,184.8999938964844,185.41000366210935,182.58999633789065,183.9600067138672,183.47021484375,49515700,0.1758,0.7096,-0.3412
2023-06-22,183.7400054931641,187.0500030517578,183.6699981689453,187.0,186.50210571289065,51245300,0.0039,0.5994,-0.5423
2023-06-23,185.5500030517578,187.55999755859372,185.00999450683597,186.67999267578125,186.18295288085935,53079300,0.2456,0.8126,0.0
2023-06-26,186.8300018310547,188.0500030517578,185.22999572753903,185.2700042724609,184.77671813964844,48088700,0.2529,0.5346,0.0
2023-06-27,185.88999938964844,188.38999938964844,185.6699981689453,188.05999755859372,187.5592803955078,50730800,0.0392,0.5106,-0.4588
2023-06-28,187.92999267578125,189.8999938964844,187.6000061035156,189.25,188.74612426757807,51216800,0.185,0.6808,-0.2263
2023-06-29,189.0800018310547,190.07000732421875,188.94000244140625,189.58999633789065,189.085205078125,46347300,0.0346,0.7845,-0.6249
2023-06-30,191.6300048828125,194.47999572753903,191.25999450683597,193.97000122070312,193.45355224609372,85069600,0.1946,0.6478,-0.4588
2023-07-03,193.77999877929688,193.8800048828125,191.75999450683597,192.4600067138672,191.9475860595703,31458200,0.1338,0.8126,-0.4939
2023-07-05,191.57000732421875,192.97999572753903,190.6199951171875,191.3300018310547,190.82058715820312,46920300,-0.0421,0.0,-0.3182
2023-07-06,189.83999633789065,192.0200042724609,189.1999969482422,191.80999755859372,191.2993011474609,45094300,0.1479,0.6369,-0.2263
2023-07-07,191.41000366210935,192.6699981689453,190.2400054931641,190.67999267578125,190.17230224609372,46778000,0.0002,0.3182,-0.34
2023-07-10,189.25999450683597,189.9900054931641,187.0399932861328,188.6100006103516,188.1078338623047,59922200,0.0207,0.4404,-0.3818
2023-07-11,189.16000366210935,189.3000030517578,186.6000061035156,188.0800018310547,187.5792388916016,46638100,0.2346,0.8074,-0.6597
2023-07-12,189.67999267578125,191.6999969482422,188.47000122070312,189.7700042724609,189.2647399902344,60750200,0.0061,0.4939,-0.3818
2023-07-13,190.5,191.19000244140625,189.77999877929688,190.5399932861328,190.03268432617188,41342300,0.016,0.5106,-0.3818
2023-07-14,190.22999572753903,191.17999267578125,189.6300048828125,190.69000244140625,190.1822967529297,41573900,-0.058,0.5859,-0.7003
2023-07-17,191.8999938964844,194.32000732421875,191.80999755859372,193.9900054931641,193.47349548339844,50520200,0.0697,0.6369,-0.4019
2023-07-18,193.3500061035156,194.3300018310547,192.4199981689453,193.72999572753903,193.2141876220703,48353800,0.224,0.6369,0.0
2023-07-19,193.1000061035156,198.22999572753903,192.6499938964844,195.1000061035156,194.5805511474609,80507300,0.0577,0.4927,-0.6249
2023-07-20,195.08999633789065,196.47000122070312,192.5,193.1300048828125,192.6157989501953,59581200,-0.1438,0.4215,-0.5859
2023-07-21,194.1000061035156,194.97000122070312,191.22999572753903,191.94000244140625,191.4289703369141,71917800,0.2231,0.7506,-0.3182
2023-07-24,193.41000366210935,194.91000366210935,192.25,192.75,192.2368011474609,45377800,0.0369,0.34,-0.4404
2023-07-25,193.3300018310547,194.44000244140625,192.9199981689453,193.6199951171875,193.1044769287109,37283200,-0.0056,0.2732,-0.7096
2023-07-26,193.6699981689453,195.63999938964844,193.32000732421875,194.5,193.98214721679688,47471900,0.0327,0.8261,-0.6249
2023-07-27,196.0200042724609,197.1999969482422,192.5500030517578,193.22000122070312,192.7055511474609,47460200,0.121,0.6478,-0.4019
2023-07-28,194.6699981689453,196.6300048828125,194.13999938964844,195.8300018310547,195.30860900878903,48291400,0.2754,0.6486,-0.6249
2023-07-31,196.05999755859372,196.4900054931641,195.25999450683597,196.4499969482422,195.9269561767578,38824100,0.0887,0.4588,0.0
2023-08-01,196.2400054931641,196.72999572753903,195.27999877929688,195.6100006103516,195.0891876220703,35175100,0.0911,0.7783,-0.6124
2023-08-02,195.0399932861328,195.17999267578125,191.8500061035156,192.5800018310547,192.0672607421875,50389300,0.1778,0.5106,-0.0772
2023-08-03,191.57000732421875,192.3699951171875,190.69000244140625,191.1699981689453,190.6610107421875,61235200,-0.0337,0.6908,-0.5719
2023-08-04,185.5200042724609,187.3800048828125,181.9199981689453,181.9900054931641,181.5054626464844,115799700,0.222,0.8555,-0.1027
2023-08-07,182.1300048828125,183.1300048828125,177.35000610351562,178.85000610351562,178.37380981445312,97576100,-0.0257,0.34,-0.2732
2023-08-08,179.69000244140625,180.2700042724609,177.5800018310547,179.8000030517578,179.32127380371094,67823000,0.044,0.4404,0.0
2023-08-09,180.8699951171875,180.92999267578125,177.00999450683594,178.19000244140625,177.715576171875,60378500,0.2238,0.8074,0.0
2023-08-10,179.47999572753906,180.75,177.60000610351562,177.97000122070312,177.49615478515625,54686900,0.0991,0.7845,-0.4767
2023-08-11,177.32000732421875,178.6199951171875,176.5500030517578,177.7899932861328,177.5560760498047,51988100,0.1103,0.7717,-0.3818
2023-08-14,177.97000122070312,179.69000244140625,177.30999755859375,179.4600067138672,179.22389221191406,43675600,0.0759,0.6369,-0.3182
2023-08-15,178.8800048828125,179.47999572753906,177.0500030517578,177.4499969482422,177.21652221679688,43622600,0.0334,0.6369,-0.3089
2023-08-16,177.1300048828125,178.5399932861328,176.5,176.57000732421875,176.3376922607422,46964900,0.0402,0.4019,-0.1774
2023-08-17,177.13999938964844,177.50999450683594,173.47999572753906,174.0,173.7710723876953,66062900,-0.08,0.3612,-0.4767
2023-08-18,172.3000030517578,175.10000610351562,171.9600067138672,174.49000549316406,174.2604217529297,61114200,-0.0326,0.4767,-0.5267
2023-08-21,175.07000732421875,176.1300048828125,173.74000549316406,175.83999633789062,175.608642578125,46311900,-0.0616,0.5719,-0.872
2023-08-22,177.05999755859375,177.67999267578125,176.25,177.22999572753906,176.99681091308594,42084200,0.0764,0.3182,0.0
2023-08-23,178.52000427246094,181.5500030517578,178.3300018310547,181.1199951171875,180.88169860839844,52722800,0.1716,0.6369,-0.8316
2023-08-24,180.6699981689453,181.1000061035156,176.00999450683594,176.3800048828125,176.14793395996094,54945800,-0.0228,0.4588,-0.4939
2023-08-25,177.3800048828125,179.14999389648438,175.82000732421875,178.61000061035156,178.375,51449600,0.1828,0.5106,0.0
2023-08-28,180.08999633789062,180.58999633789065,178.5500030517578,180.19000244140625,179.9529266357422,43820700,-0.025,0.2023,-0.25
2023-08-29,179.6999969482422,184.8999938964844,179.5,184.1199951171875,183.87774658203125,53003900,0.0682,0.6597,0.0
2023-08-30,184.94000244140625,187.8500061035156,184.7400054931641,187.6499938964844,187.40310668945312,60813900,0.0549,0.6249,-0.296
2023-08-31,187.83999633789065,189.1199951171875,187.47999572753903,187.8699951171875,187.6228179931641,60794500,0.0668,0.6369,-0.6808
2023-09-01,189.4900054931641,189.9199981689453,188.27999877929688,189.4600067138672,189.2107391357422,45732600,0.0307,0.5859,-0.4767
2023-09-05,188.27999877929688,189.97999572753903,187.6100006103516,189.6999969482422,189.45040893554688,45280000,0.0356,0.4019,-0.296
2023-09-06,188.3999938964844,188.8500061035156,181.47000122070312,182.91000366210935,182.6693420410156,81755800,-0.1357,0.5994,-0.6908
2023-09-07,175.17999267578125,178.2100067138672,173.5399932861328,177.55999755859375,177.32638549804688,112488800,0.0045,0.5574,-0.3818
2023-09-08,178.35000610351562,180.2400054931641,177.7899932861328,178.17999267578125,177.945556640625,65551300,-0.0828,0.34,-0.5106
2023-09-11,180.07000732421875,180.3000030517578,177.33999633789062,179.36000061035156,179.12400817871094,58953100,0.1152,0.4939,0.0
2023-09-12,179.49000549316406,180.1300048828125,174.82000732421875,176.3000030517578,176.0680389404297,90370200,-0.0209,0.4404,-0.4215
2023-09-13,176.50999450683594,177.3000030517578,173.97999572753906,174.2100067138672,173.9807891845703,84267900,0.0399,0.4939,-0.0951
2023-09-14,174.0,176.10000610351562,173.5800018310547,175.74000549316406,175.5087890625,60895800,0.0965,0.6249,0.0
2023-09-15,176.47999572753906,176.5,173.82000732421875,175.00999450683594,174.77972412109375,109205100,0.1482,0.6369,-0.5423
2023-09-18,176.47999572753906,179.3800048828125,176.1699981689453,177.97000122070312,177.73583984375,67257600,0.1131,0.6486,-0.3412
2023-09-19,177.52000427246094,179.6300048828125,177.1300048828125,179.07000732421875,178.8343963623047,51826900,0.1552,0.7845,-0.1779
2023-09-20,179.25999450683594,179.6999969482422,175.39999389648438,175.49000549316406,175.2591094970703,58436200,0.0092,0.5994,-0.4939
2023-09-21,174.5500030517578,176.3000030517578,173.86000061035156,173.92999267578125,173.70115661621094,63047900,0.1644,0.5423,0.0
2023-09-22,174.6699981689453,177.0800018310547,174.0500030517578,174.7899932861328,174.5600128173828,56725400,0.0515,0.4588,-0.25
2023-09-25,174.1999969482422,176.97000122070312,174.14999389648438,176.0800018310547,175.84832763671875,46172700,0.0124,0.7579,-0.3612
2023-09-26,174.82000732421875,175.1999969482422,171.66000366210938,171.9600067138672,171.73374938964844,64588900,0.0607,0.6369,-0.0772
2023-09-27,172.6199951171875,173.0399932861328,169.0500030517578,170.42999267578125,170.20574951171875,66921800,0.2358,0.7351,-0.6808
2023-09-28,169.33999633789062,172.02999877929688,167.6199951171875,170.69000244140625,170.46542358398438,56294400,-0.2015,0.0,-0.5574
2023-09-29,172.02000427246094,173.07000732421875,170.33999633789062,171.2100067138672,170.9847412109375,51814200,-0.0589,0.25,-0.4588
2023-10-02,171.22000122070312,174.3000030517578,170.92999267578125,173.75,173.52139282226562,52164500,0.0706,0.8555,-0.6124
2023-10-03,172.25999450683594,173.6300048828125,170.82000732421875,172.39999389648438,172.1731719970703,49594600,0.056,0.3818,0.0
2023-10-04,171.08999633789062,174.2100067138672,170.97000122070312,173.66000366210938,173.4315185546875,53020300,-0.0893,0.6124,-0.4767
2023-10-05,173.7899932861328,175.4499969482422,172.67999267578125,174.91000366210938,174.67987060546875,48527900,0.0147,0.25,-0.1027
2023-10-06,173.8000030517578,177.99000549316406,173.17999267578125,177.49000549316406,177.25648498535156,57224100,0.2398,0.6908,0.0
2023-10-09,176.80999755859375,179.0500030517578,175.8000030517578,178.99000549316406,178.75450134277344,42390800,0.2054,0.7845,-0.8807
2023-10-10,178.10000610351562,179.72000122070312,177.9499969482422,178.38999938964844,178.15528869628906,43698000,0.2064,0.7096,-0.296
2023-10-11,178.1999969482422,179.85000610351562,177.60000610351562,179.8000030517578,179.5634307861328,47551100,0.2718,0.7906,0.0
2023-10-12,180.07000732421875,182.33999633789065,179.0399932861328,180.7100067138672,180.4722442626953,56743100,-0.1533,0.5719,-0.8658
2023-10-13,181.4199981689453,181.92999267578125,178.13999938964844,178.85000610351562,178.61468505859375,51427100,-0.0267,0.6369,-0.3818
2023-10-16,176.75,179.0800018310547,176.50999450683594,178.72000122070312,178.48486328125,52517000,0.1392,0.4767,-0.128
2023-10-17,176.64999389648438,178.4199981689453,174.8000030517578,177.14999389648438,176.9169158935547,57549400,0.106,0.4019,0.0
2023-10-18,175.5800018310547,177.5800018310547,175.11000061035156,175.83999633789062,175.608642578125,54764400,0.0876,0.5106,-0.5267
2023-10-19,176.0399932861328,177.83999633789062,175.19000244140625,175.4600067138672,175.22915649414062,59302900,0.1254,0.5106,0.0
2023-10-20,175.30999755859375,175.4199981689453,172.63999938964844,172.8800048828125,172.6525421142578,64189300,0.0285,0.6369,-0.6597
2023-10-23,170.91000366210938,174.00999450683594,169.92999267578125,173.0,172.7723846435547,55980100,0.0909,0.5994,-0.3182
2023-10-24,173.0500030517578,173.6699981689453,171.4499969482422,173.44000244140625,173.21180725097656,43816600,0.1259,0.5983,-0.4767
2023-10-25,171.8800048828125,173.05999755859375,170.64999389648438,171.10000610351562,170.87489318847656,57157000,-0.0235,0.4019,-0.6369
2023-10-26,170.3699951171875,171.3800048828125,165.6699981689453,166.88999938964844,166.67042541503906,70625300,-0.1189,0.4215,-0.5574
2023-10-27,166.91000366210938,168.9600067138672,166.8300018310547,168.22000122070312,167.99867248535156,58499100,0.1413,0.6369,0.0
2023-10-30,169.02000427246094,171.1699981689453,168.8699951171875,170.2899932861328,170.06593322753906,51131000,0.017,0.6369,-0.4939
2023-10-31,169.35000610351562,170.89999389648438,167.89999389648438,170.77000427246094,170.54531860351562,44846000,0.0763,0.8957,-0.4939
2023-11-01,171.0,174.22999572753906,170.1199951171875,173.97000122070312,173.74110412597656,56934900,-0.2429,0.0,-0.7003
2023-11-02,175.52000427246094,177.77999877929688,175.4600067138672,177.57000732421875,177.3363800048828,77334800,-0.0549,0.2023,-0.4782
2023-11-03,174.24000549316406,176.82000732421875,173.35000610351562,176.64999389648438,176.41757202148438,79763700,0.1076,0.6908,-0.5574
2023-11-06,176.3800048828125,179.42999267578125,176.2100067138672,179.22999572753906,178.9941864013672,63841300,0.0567,0.6369,-0.6369
2023-11-07,179.17999267578125,182.44000244140625,178.97000122070312,181.82000732421875,181.58078002929688,70530000,0.1251,0.6369,0.0
2023-11-08,182.3500061035156,183.4499969482422,181.58999633789065,182.88999938964844,182.6493682861328,49340300,0.029,0.5859,-0.7269
2023-11-09,182.9600067138672,184.1199951171875,181.80999755859372,182.41000366210935,182.1699981689453,53763500,0.0329,0.2732,-0.4767
2023-11-10,183.97000122070312,186.57000732421875,183.52999877929688,186.3999938964844,186.3999938964844,66133400,0.2297,0.6369,-0.1027
2023-11-13,185.82000732421875,186.02999877929688,184.2100067138672,184.8000030517578,184.8000030517578,43627500,-0.0018,0.6369,-0.5423
2023-11-14,187.6999969482422,188.1100006103516,186.3000030517578,187.44000244140625,187.44000244140625,60108400,0.2852,0.7964,0.0
2023-11-15,187.8500061035156,189.5,187.77999877929688,188.00999450683597,188.00999450683597,53790500,0.2087,0.7845,0.0
2023-11-16,189.57000732421875,190.9600067138672,188.6499938964844,189.7100067138672,189.7100067138672,54412900,0.2173,0.6369,-0.296
2023-11-17,190.25,190.3800048828125,188.57000732421875,189.69000244140625,189.69000244140625,50922700,0.0463,0.6369,-0.3612
2023-11-20,189.88999938964844,191.91000366210935,189.8800048828125,191.4499969482422,191.4499969482422,46505100,0.2165,0.8779,-0.5994
2023-11-21,191.41000366210935,191.5200042724609,189.7400054931641,190.63999938964844,190.63999938964844,38134500,0.2307,0.7506,0.0
2023-11-22,191.4900054931641,192.92999267578125,190.8300018310547,191.30999755859372,191.30999755859372,39617700,0.1005,0.8779,-0.5829
2023-11-24,190.8699951171875,190.8999938964844,189.25,189.97000122070312,189.97000122070312,24048300,0.0735,0.7351,-0.6369
2023-11-27,189.9199981689453,190.6699981689453,188.8999938964844,189.7899932861328,189.7899932861328,40552600,0.2154,0.8126,-0.6486
2023-11-28,189.77999877929688,191.0800018310547,189.3999938964844,190.3999938964844,190.3999938964844,38415400,0.2523,0.3818,0.0
2023-11-29,190.8999938964844,192.08999633789065,188.97000122070312,189.3699951171875,189.3699951171875,43014200,0.1163,0.7579,-0.34
2023-11-30,189.83999633789065,190.32000732421875,188.19000244140625,189.9499969482422,189.9499969482422,48794400,-0.0618,0.34,-0.4588
2023-12-01,190.3300018310547,191.55999755859372,189.22999572753903,191.2400054931641,191.2400054931641,45679300,0.1912,0.765,0.0
2023-12-04,189.97999572753903,190.0500030517578,187.4499969482422,189.42999267578125,189.42999267578125,43389500,0.1643,0.8126,-0.2263
2023-12-05,190.2100067138672,194.3999938964844,190.17999267578125,193.4199981689453,193.4199981689453,66628400,0.0518,0.6597,-0.6908
2023-12-06,194.4499969482422,194.75999450683597,192.1100006103516,192.32000732421875,192.32000732421875,41089700,-0.0621,0.8834,-0.5423
2023-12-07,193.6300048828125,195.0,193.58999633789065,194.2700042724609,194.2700042724609,47477700,0.0031,0.6908,-0.7351
2023-12-08,194.1999969482422,195.9900054931641,193.6699981689453,195.7100067138672,195.7100067138672,53377300,-0.028,0.4404,-0.296
2023-12-11,193.1100006103516,193.4900054931641,191.4199981689453,193.17999267578125,193.17999267578125,60943700,-0.0906,0.4019,-0.7184
2023-12-12,193.0800018310547,194.72000122070312,191.72000122070312,194.7100067138672,194.7100067138672,52696900,0.2099,0.6705,-0.6633
2023-12-13,195.08999633789065,198.0,194.8500061035156,197.9600067138672,197.9600067138672,70404200,0.1007,0.4215,-0.4201
2023-12-14,198.0200042724609,199.6199951171875,196.16000366210935,198.1100006103516,198.1100006103516,66831600,0.1394,0.7579,0.0
2023-12-15,197.52999877929688,198.3999938964844,197.0,197.57000732421875,197.57000732421875,128256700,0.2574,0.6597,-0.128
2023-12-18,196.08999633789065,196.6300048828125,194.38999938964844,195.88999938964844,195.88999938964844,55751900,-0.2239,0.0,-0.7003
2023-12-19,196.16000366210935,196.9499969482422,195.88999938964844,196.94000244140625,196.94000244140625,40714100,-0.0457,0.7964,-0.6249
2023-12-20,196.8999938964844,197.67999267578125,194.8300018310547,194.8300018310547,194.8300018310547,52242800,-0.0251,0.4019,-0.5719
2023-12-21,196.1000061035156,197.0800018310547,193.5,194.67999267578125,194.67999267578125,46482500,-0.1063,0.2023,-0.5106
2023-12-22,195.17999267578125,195.41000366210935,192.97000122070312,193.6000061035156,193.6000061035156,37122800,0.1152,0.6369,-0.2732
2023-12-26,193.6100006103516,193.88999938964844,192.8300018310547,193.0500030517578,193.0500030517578,28919300,-0.2415,0.4019,-0.7579
2023-12-27,192.4900054931641,193.5,191.08999633789065,193.1499938964844,193.1499938964844,48087700,-0.263,0.2263,-0.5574
2023-12-28,194.13999938964844,194.66000366210935,193.1699981689453,193.5800018310547,193.5800018310547,34049900,0.0551,0.8221,-0.5423
2023-12-29,193.8999938964844,194.3999938964844,191.72999572753903,192.52999877929688,192.52999877929688,42628800,0.2381,0.6808,0.0
